{"arxddKAaie65TzR1mUzwrA==":"pobrane-96x104.jpg","xpwaH6R7A2k2bDGAYWSgIA==":"umarysi-96x96.jpg","67du/DmxPffWQV7gRQdJtg==":"kosa-1600x998.jpg","V/bzXy+cpK2PSUs1oGpuhw==":"188911-1920x1200.jpg","8yZapNrMJNaONlPfcoYr+g==":"umarysi.gif.gif","FRFhLIxKFJSFNZ6LA76XAQ==":"backgroundlogomc.gif","Z5HZAE8SHVbNvOeUC2BUyA==":"tlomc-2000x1125.png","KsjZa2Bd1vqpvmA1Yme5cg==":"tlol4d2-1920x1080.png","N/ISRfgiLsmaf/f2q+qkbQ==":"testtlomc.gif","4laFu3QkQwK5tN/N+9b9pg==":"tlomcumarysi-1920x1080.png","acDtG6PnktXF2qfmIxDxgw==":"tlomcumarysi1-1920x1080.png","v1RSt3XQXl91IX5ATlG65g==":"tlomcumarysi1-1-1920x1080.png","KdUBogKs4V8GaNguLcHNXA==":"tlomcumarysi1-2-1920x1080.png","o7wg4JA1habPmsrJDNngSw==":"tlol4d2-1-1920x1080.png","9HssEI65vvGCQq+qsDBeHg==":"tlol4d2-2-1920x1080.png","jROGOWTjWna5/yp9gnymgQ==":"t%C5%82o-1920x1080.jpg","4X2TRfTkvPI037fMheTQLA==":"test2background-1920x1080.jpg","RrzqWNzEJxrhGrIebQzhKQ==":"left-4-dead-2-1920x1080.jpg","Xz5gnKyB5NoHeK4PGu+UXA==":"fvfxwe-760x462.jpg","qlGwS5gdZ1FA/YRQI5t+2w==":"121076-1920x1200.jpg"}